iteration,exploitability_chips_per_hand
160,0.000745034388
320,0.000396697671
480,0.000279628994
640,0.000248372332
800,0.000168541956
960,0.000172445452
1120,0.000136832639
1280,0.000104460644
1440,0.000113131453
1600,9.3996809e-05
1760,7.4221569e-05
1920,7.9990164e-05
2080,7.9403632e-05
2240,6.3475519e-05
2400,6.4482802e-05
2560,5.2714874e-05
2720,6.3650357e-05
2880,5.4939929e-05
3040,5.5323608e-05
3200,5.2682742e-05
3360,4.7162767e-05
3520,4.9465283e-05
3680,4.3354863e-05
3840,4.2345605e-05
4000,4.3323872e-05
